{
  "NumNodes": 100,
  "D1": [
    2,
    13,
    20,
    30,
    68,
    73,
    76,
    87
  ],
  "D2": [
    9,
    10,
    16,
    17,
    19,
    29,
    31,
    49
  ],
  "Value": 16,
  "Solver": "CPLEX",
  "IsCplexOptimal": false,
  "CplexRelativeGap": 0.11710948706682306,
  "Runtime": "00:30:11.3574284",
  "GapPercent": 0
}