{
  "NumNodes": 200,
  "D1": [
    15,
    28,
    84,
    159
  ],
  "D2": [
    115,
    116,
    176
  ],
  "Value": 7,
  "Solver": "CPLEX",
  "IsCplexOptimal": false,
  "CplexRelativeGap": 0.35326554461080645,
  "Runtime": "00:32:04.7754033",
  "GapPercent": 0
}