{
  "NumNodes": 200,
  "D1": [
    20,
    21,
    24,
    46,
    53,
    136,
    143,
    153,
    154
  ],
  "D2": [
    7,
    44,
    56,
    90,
    119,
    121,
    160,
    161,
    189,
    199
  ],
  "Value": 19,
  "Solver": "CPLEX",
  "IsCplexOptimal": false,
  "CplexRelativeGap": 0.3655077556044216,
  "Runtime": "00:31:30.8083846",
  "GapPercent": 0
}