{
  "NumNodes": 200,
  "D1": [
    11,
    21,
    101,
    119,
    128
  ],
  "D2": [
    55,
    85,
    109,
    139,
    146
  ],
  "Value": 10,
  "Solver": "CPLEX",
  "IsCplexOptimal": false,
  "CplexRelativeGap": 0.3220727200302931,
  "Runtime": "00:30:25.1836816",
  "GapPercent": 0
}