{
  "NumNodes": 200,
  "D1": [
    115,
    116,
    176
  ],
  "D2": [
    30,
    79,
    130,
    164
  ],
  "Value": 7,
  "Solver": "CPLEX",
  "IsCplexOptimal": false,
  "CplexRelativeGap": 0.34910925238055196,
  "Runtime": "00:30:51.8394722",
  "GapPercent": 0
}