{
  "NumNodes": 200,
  "D1": [
    7,
    30,
    40,
    73,
    75,
    78,
    110,
    166,
    173,
    185
  ],
  "D2": [
    2,
    17,
    21,
    24,
    48,
    65,
    90,
    139,
    184
  ],
  "Value": 19,
  "Solver": "CPLEX",
  "IsCplexOptimal": false,
  "CplexRelativeGap": 0.3461154169037296,
  "Runtime": "00:30:08.9051905",
  "GapPercent": 0
}