{
  "NumNodes": 200,
  "D1": [
    11,
    47,
    66,
    119,
    134
  ],
  "D2": [
    85,
    109,
    120,
    139,
    196
  ],
  "Value": 10,
  "Solver": "CPLEX",
  "IsCplexOptimal": false,
  "CplexRelativeGap": 0.3537880609607137,
  "Runtime": "00:30:08.0313512",
  "GapPercent": 0
}