{
  "NumNodes": 200,
  "D1": [
    15,
    33,
    52,
    53,
    65,
    101,
    111,
    133,
    138,
    164,
    184
  ],
  "D2": [
    21,
    24,
    38,
    46,
    51,
    94,
    121,
    139,
    143,
    185
  ],
  "Value": 21,
  "Solver": "CPLEX",
  "IsCplexOptimal": false,
  "CplexRelativeGap": 0.43065462826502576,
  "Runtime": "00:30:45.0083360",
  "GapPercent": 0
}