{
  "NumNodes": 200,
  "D1": [
    21,
    58,
    65,
    87,
    90,
    131,
    139,
    164,
    184
  ],
  "D2": [
    2,
    11,
    17,
    28,
    78,
    80,
    95,
    127,
    153
  ],
  "Value": 18,
  "Solver": "CPLEX",
  "IsCplexOptimal": false,
  "CplexRelativeGap": 0.3179518184087078,
  "Runtime": "00:20:06.5647528",
  "GapPercent": 0
}