{
  "NumNodes": 200,
  "D1": [
    0,
    46,
    78,
    146,
    153,
    154,
    161,
    164,
    174,
    192
  ],
  "D2": [
    2,
    17,
    21,
    48,
    65,
    90,
    123,
    139,
    184
  ],
  "Value": 19,
  "Solver": "CPLEX",
  "IsCplexOptimal": false,
  "CplexRelativeGap": 0.36451372022422923,
  "Runtime": "00:20:09.0026756",
  "GapPercent": 0
}