{
  "NumNodes": 200,
  "D1": [
    11,
    21,
    101,
    119,
    122
  ],
  "D2": [
    5,
    38,
    121,
    139,
    186
  ],
  "Value": 10,
  "Solver": "CPLEX",
  "IsCplexOptimal": false,
  "CplexRelativeGap": 0.3603811077084826,
  "Runtime": "00:20:09.2838025",
  "GapPercent": 0
}