{
  "NumNodes": 200,
  "D1": [
    21,
    29,
    102,
    133,
    139,
    164,
    166,
    184,
    194
  ],
  "D2": [
    19,
    40,
    56,
    58,
    75,
    78,
    90,
    123,
    176,
    185
  ],
  "Value": 19,
  "Solver": "CPLEX",
  "IsCplexOptimal": false,
  "CplexRelativeGap": 0.386790759235833,
  "Runtime": "00:21:20.5564111",
  "GapPercent": 0
}