{
  "NumNodes": 200,
  "D1": [
    11,
    21,
    101,
    119,
    122
  ],
  "D2": [
    5,
    88,
    109,
    139,
    186
  ],
  "Value": 10,
  "Solver": "CPLEX",
  "IsCplexOptimal": false,
  "CplexRelativeGap": 0.3592262796092458,
  "Runtime": "00:20:13.2252238",
  "GapPercent": 0
}