{
  "NumNodes": 200,
  "D1": [
    19,
    51,
    131
  ],
  "D2": [
    8,
    28,
    159,
    187
  ],
  "Value": 7,
  "Solver": "CPLEX",
  "IsCplexOptimal": false,
  "CplexRelativeGap": 0.3562396555169473,
  "Runtime": "00:21:19.7848360",
  "GapPercent": 0
}