{
  "gap_stats": {
    "min": 0.0,
    "max": 25.0,
    "mean": 1.5791027154663517,
    "median": 0.0,
    "std": 5.03361171805653
  },
  "runtime_by_size": {
    "10": 0.011701907407407407,
    "20": 0.027783132835820894
  },
  "feasibility_rate": 1.0
}