{
  "NumNodes": 250,
  "D1": [
    47,
    74,
    86,
    121,
    184,
    186
  ],
  "D2": [
    26,
    32,
    164,
    168,
    237
  ],
  "Value": 11,
  "Solver": "CPLEX",
  "IsCplexOptimal": false,
  "CplexRelativeGap": 0.4443803467099815,
  "Runtime": "00:20:00.8822744",
  "GapPercent": 0
}