{
  "NumNodes": 250,
  "D1": [
    0,
    14,
    35,
    51,
    52,
    94,
    133,
    178,
    192,
    199,
    224
  ],
  "D2": [
    8,
    34,
    37,
    74,
    110,
    124,
    159,
    168,
    181,
    200,
    246
  ],
  "Value": 22,
  "Solver": "CPLEX",
  "IsCplexOptimal": false,
  "CplexRelativeGap": 0.4808100484157512,
  "Runtime": "00:30:40.8771636",
  "GapPercent": 0
}