{
  "NumNodes": 250,
  "D1": [
    32,
    89,
    115,
    117,
    142,
    150,
    154,
    179,
    213,
    222
  ],
  "D2": [
    0,
    2,
    14,
    22,
    26,
    83,
    95,
    107,
    127,
    229
  ],
  "Value": 20,
  "Solver": "CPLEX",
  "IsCplexOptimal": false,
  "CplexRelativeGap": 0.3943416106759388,
  "Runtime": "00:30:01.9186363",
  "GapPercent": 0
}