{
  "NumNodes": 250,
  "D1": [
    0,
    8,
    14,
    26,
    37,
    89,
    102,
    181,
    212,
    240
  ],
  "D2": [
    19,
    21,
    97,
    113,
    114,
    127,
    149,
    199,
    211
  ],
  "Value": 19,
  "Solver": "CPLEX",
  "IsCplexOptimal": false,
  "CplexRelativeGap": 0.37792653390852166,
  "Runtime": "00:30:40.0072562",
  "GapPercent": 0
}