{
  "NumNodes": 250,
  "D1": [
    13,
    14,
    22,
    26,
    74
  ],
  "D2": [
    3,
    8,
    9,
    32,
    43,
    92
  ],
  "Value": 11,
  "Solver": "CPLEX",
  "IsCplexOptimal": false,
  "CplexRelativeGap": 0.4523520158137977,
  "Runtime": "00:30:59.2706335",
  "GapPercent": 0
}